<?xml version="1.0" encoding="UTF-8"?>
<!DOCTYPE mapper PUBLIC "-//mybatis.org//DTD Mapper 3.0//EN" "http://mybatis.org/dtd/mybatis-3-mapper.dtd">
<mapper namespace="com.study.member.dao.IMemberDao">
	<sql id="memberSearch" >
		<if test="@org.apache.commons.lang3.StringUtils@isNotBlank(searchWord)">
			<choose>
				<when test='searchType=="NM"'>
					AND mem_name LIKE '%' || #{searchWord} || '%'
				</when>
				<when test='searchType=="ID"'>
					AND mem_id LIKE '%' || #{searchWord} || '%'
				</when>
				<when test='searchType=="HP"'>
					AND mem_hp LIKE '%' || #{searchWord} || '%'
				</when>
			</choose>
		</if>
		<if test="@org.apache.commons.lang3.StringUtils@isNotBlank(searchJob)">
			AND mem_job = #{searchJob}
		</if>
		<if test="@org.apache.commons.lang3.StringUtils@isNotBlank(searchHobby)">
			AND mem_hobby = #{searchHobby}
		</if>
	</sql>

	
	<select id="getTotalRowCount" parameterType="com.study.member.vo.MemberSearchVO" resultType="int">
		SELECT count(*)        
		FROM member            
		WHERE 1 = 1
		<include refid="memberSearch" ></include>
	</select>
	
	
	<select id="getMemberList" parameterType="com.study.member.vo.MemberSearchVO" resultType="com.study.member.vo.MemberVO">
		<include refid="common.prePage" ></include>
		SELECT
		mem_id , mem_pass , mem_name
		, TO_CHAR(mem_bir,'YYYY-MM-DD') as mem_bir
		, mem_zip , mem_add1 , mem_add2 , mem_hp
		, mem_mail , mem_job , b.comm_nm AS mem_job_nm
		, mem_hobby , c.comm_nm AS mem_hobby_nm
		, mem_mileage , mem_del_yn
		FROM
		member a, comm_code b, comm_code c
		WHERE a.mem_job = b.comm_cd
		AND a.mem_hobby = c.comm_cd
		AND mem_del_yn = 'N'
		<include refid="memberSearch" ></include>
		ORDER BY mem_id DESC
		<include refid="common.postPage" ></include>                        
	</select>
	
	<select id="getMember" parameterType="String" resultType="com.study.member.vo.MemberVO">
		SELECT
		mem_id , mem_pass , mem_name
		, TO_CHAR(mem_bir,'YYYY-MM-DD') as mem_bir
		, mem_zip , mem_add1 , mem_add2 , mem_hp
		, mem_mail , mem_job , b.comm_nm AS mem_job_nm
		, mem_hobby , c.comm_nm AS mem_hobby_nm
		, mem_mileage , mem_del_yn
		FROM
		member a, comm_code b, comm_code c
		WHERE a.mem_job = b.comm_cd
		AND a.mem_hobby = c.comm_cd
		AND mem_id = #{memId}                                           
	</select>

	<update id="updateMember" parameterType="com.study.member.vo.MemberVO">
		UPDATE member SET
		  mem_name = #{memName}
		, mem_bir = #{memBir}
		, mem_zip = #{memZip}
		, mem_add1 = #{memAdd1}
		, mem_add2 = #{memAdd2}
		, mem_hp = #{memHp}
		, mem_mail = #{memMail}
		, mem_job = #{memJob}
		, mem_hobby = #{memHobby}
		WHERE mem_id = #{memId}
	</update>

	<delete id="deleteMember" parameterType="com.study.member.vo.MemberVO">
		UPDATE member SET        
       mem_del_yn   = 'Y'
		WHERE  mem_id  = #{memId}    
	</delete>
	
	<insert id="insertMember" parameterType="com.study.member.vo.MemberVO">
		INSERT INTO member (
		  mem_id , mem_pass , mem_name
		, mem_bir , mem_zip , mem_add1
		, mem_add2 , mem_hp , mem_mail
		, mem_job , mem_hobby , mem_mileage
		, mem_del_yn
		) VALUES (
		  #{memId} , #{memPass} , #{memName}
		, #{memBir} , #{memZip} , #{memAdd1}
		, #{memAdd2} , #{memHp} , #{memMail}
		, #{memJob} , #{memHobby} , 0
		, 'N'
		)                                        
	</insert>
	

</mapper>